epoch,time,train/loss,metrics/accuracy_top1,metrics/accuracy_top5,val/loss,lr/pg0,lr/pg1,lr/pg2
1,23.0674,1.99474,0.62617,0.96262,1.27419,0.000242958,0.000242958,0.000242958
2,32.112,0.90352,0.7757,1,0.77926,0.000515471,0.000515471,0.000515471
3,34.919,0.48855,0.81308,1,0.87453,0.000782485,0.000782485,0.000782485
4,36.5346,0.32313,0.7757,1,0.70573,0.00080826,0.00080826,0.00080826
5,39.8642,0.334,0.69159,1,1.20216,0.000800013,0.000800013,0.000800013
6,46.1715,0.30063,0.82243,1,0.55473,0.000791767,0.000791767,0.000791767
7,50.6598,0.3707,0.81308,1,0.66311,0.00078352,0.00078352,0.00078352
8,52.3413,0.28066,0.86916,1,0.43232,0.000775273,0.000775273,0.000775273
9,54.032,0.2332,0.75701,1,0.87067,0.000767026,0.000767026,0.000767026
10,55.6097,0.23782,0.7757,1,1.00476,0.00075878,0.00075878,0.00075878
11,57.2083,0.21397,0.85047,1,0.5752,0.000750533,0.000750533,0.000750533
12,59.0209,0.13952,0.83178,1,0.53718,0.000742286,0.000742286,0.000742286
13,60.7177,0.22113,0.85047,1,0.44895,0.00073404,0.00073404,0.00073404
14,62.5957,0.18876,0.84112,1,0.63916,0.000725793,0.000725793,0.000725793
15,64.3987,0.14969,0.82243,1,0.65536,0.000717546,0.000717546,0.000717546
16,66.0541,0.16263,0.82243,1,0.8295,0.000709299,0.000709299,0.000709299
17,67.7294,0.16573,0.84112,1,0.77988,0.000701053,0.000701053,0.000701053
18,69.1658,0.30152,0.83178,1,0.69034,0.000692806,0.000692806,0.000692806
19,70.7092,0.20809,0.83178,0.99065,0.62509,0.000684559,0.000684559,0.000684559
20,73.6032,0.13556,0.90654,0.99065,0.573,0.000676313,0.000676313,0.000676313
21,76.4958,0.19496,0.84112,1,0.39704,0.000668066,0.000668066,0.000668066
22,78.1358,0.08942,0.85981,1,0.35017,0.000659819,0.000659819,0.000659819
23,79.6809,0.10072,0.85981,1,0.55148,0.000651573,0.000651573,0.000651573
24,81.276,0.10374,0.8785,1,0.54166,0.000643326,0.000643326,0.000643326
25,82.7752,0.11404,0.88785,1,0.46109,0.000635079,0.000635079,0.000635079
26,84.6759,0.07232,0.8972,1,0.43353,0.000626832,0.000626832,0.000626832
27,86.205,0.0748,0.8785,1,0.44041,0.000618586,0.000618586,0.000618586
28,87.7652,0.08186,0.85981,1,0.46415,0.000610339,0.000610339,0.000610339
29,89.2711,0.12401,0.8785,1,0.48944,0.000602092,0.000602092,0.000602092
30,90.7522,0.10943,0.81308,0.99065,0.65397,0.000593846,0.000593846,0.000593846
31,92.4183,0.12421,0.90654,1,0.489,0.000585599,0.000585599,0.000585599
32,93.9866,0.09062,0.85047,1,0.56856,0.000577352,0.000577352,0.000577352
33,95.4651,0.13662,0.83178,1,0.4688,0.000569106,0.000569106,0.000569106
34,97.1982,0.10176,0.8972,1,0.58044,0.000560859,0.000560859,0.000560859
35,98.7522,0.08948,0.8972,1,0.63804,0.000552612,0.000552612,0.000552612
36,100.624,0.12909,0.78505,0.97196,1.18099,0.000544365,0.000544365,0.000544365
37,102.047,0.13712,0.78505,1,0.70442,0.000536119,0.000536119,0.000536119
38,103.775,0.18549,0.81308,1,0.70941,0.000527872,0.000527872,0.000527872
39,106.087,0.1255,0.83178,1,0.72383,0.000519625,0.000519625,0.000519625
40,107.491,0.15244,0.82243,1,0.75183,0.000511379,0.000511379,0.000511379
41,108.962,0.09022,0.85047,1,0.54286,0.000503132,0.000503132,0.000503132
42,110.566,0.11576,0.81308,1,0.61879,0.000494885,0.000494885,0.000494885
43,112.093,0.10067,0.85047,1,0.62008,0.000486639,0.000486639,0.000486639
44,113.511,0.15448,0.84112,1,0.49618,0.000478392,0.000478392,0.000478392
45,115.096,0.1013,0.85981,1,0.64092,0.000470145,0.000470145,0.000470145
46,116.621,0.09377,0.83178,1,0.7933,0.000461898,0.000461898,0.000461898
47,118.201,0.11406,0.81308,1,0.72113,0.000453652,0.000453652,0.000453652
48,119.834,0.11985,0.85047,1,0.61045,0.000445405,0.000445405,0.000445405
49,121.553,0.10854,0.86916,1,0.56984,0.000437158,0.000437158,0.000437158
50,124.149,0.09342,0.8785,1,0.56504,0.000428912,0.000428912,0.000428912
51,125.769,0.06895,0.86916,1,0.50555,0.000420665,0.000420665,0.000420665
52,127.325,0.06996,0.85981,1,0.48218,0.000412418,0.000412418,0.000412418
53,129.003,0.09608,0.84112,1,0.5365,0.000404172,0.000404172,0.000404172
54,136.58,0.05422,0.85981,1,0.92666,0.000395925,0.000395925,0.000395925
55,138.308,0.04399,0.85047,1,0.75953,0.000387678,0.000387678,0.000387678
56,141.635,0.04853,0.85981,1,0.70287,0.000379431,0.000379431,0.000379431
57,143.336,0.05916,0.8785,1,0.69108,0.000371185,0.000371185,0.000371185
58,145.395,0.02941,0.88785,1,0.62128,0.000362938,0.000362938,0.000362938
59,146.966,0.06939,0.85981,1,0.70575,0.000354691,0.000354691,0.000354691
60,148.545,0.0551,0.83178,1,0.72233,0.000346445,0.000346445,0.000346445
61,150.036,0.04813,0.84112,1,0.60056,0.000338198,0.000338198,0.000338198
62,151.595,0.04179,0.84112,1,0.5687,0.000329951,0.000329951,0.000329951
63,153.16,0.03096,0.85047,1,0.62984,0.000321705,0.000321705,0.000321705
64,154.73,0.03089,0.84112,1,0.6046,0.000313458,0.000313458,0.000313458
65,156.272,0.02305,0.84112,1,0.5974,0.000305211,0.000305211,0.000305211
66,157.936,0.01813,0.85981,1,0.62168,0.000296964,0.000296964,0.000296964
67,159.641,0.02891,0.85981,1,0.63805,0.000288718,0.000288718,0.000288718
68,161.195,0.03044,0.86916,1,0.60628,0.000280471,0.000280471,0.000280471
69,162.695,0.02687,0.8785,1,0.38827,0.000272224,0.000272224,0.000272224
70,164.127,0.03376,0.86916,1,0.4241,0.000263978,0.000263978,0.000263978
71,167.418,0.04817,0.8785,1,0.4409,0.000255731,0.000255731,0.000255731
72,169.253,0.01797,0.88785,1,0.53067,0.000247484,0.000247484,0.000247484
73,171.988,0.03876,0.85981,1,0.60113,0.000239238,0.000239238,0.000239238
74,173.54,0.02838,0.8785,1,0.58214,0.000230991,0.000230991,0.000230991
75,175.097,0.09957,0.8785,1,0.56052,0.000222744,0.000222744,0.000222744
76,176.723,0.11511,0.86916,1,0.67115,0.000214497,0.000214497,0.000214497
77,178.082,0.02917,0.86916,1,0.59477,0.000206251,0.000206251,0.000206251
78,180.484,0.05114,0.86916,1,0.49797,0.000198004,0.000198004,0.000198004
79,181.99,0.03699,0.8785,1,0.5146,0.000189757,0.000189757,0.000189757
80,183.653,0.04224,0.8785,1,0.54412,0.000181511,0.000181511,0.000181511
81,185.399,0.01582,0.8785,1,0.56192,0.000173264,0.000173264,0.000173264
82,187.078,0.03119,0.88785,1,0.58429,0.000165017,0.000165017,0.000165017
83,188.754,0.02199,0.88785,1,0.51118,0.000156771,0.000156771,0.000156771
84,190.416,0.02119,0.8785,1,0.51614,0.000148524,0.000148524,0.000148524
85,192.45,0.02674,0.8785,1,0.52903,0.000140277,0.000140277,0.000140277
86,193.939,0.01934,0.88785,1,0.53214,0.000132031,0.000132031,0.000132031
87,195.725,0.01132,0.86916,1,0.56486,0.000123784,0.000123784,0.000123784
88,197.375,0.012,0.8785,1,0.57207,0.000115537,0.000115537,0.000115537
89,198.815,0.02024,0.88785,1,0.55627,0.00010729,0.00010729,0.00010729
90,200.405,0.01069,0.88785,1,0.53637,9.90437e-05,9.90437e-05,9.90437e-05
91,204.646,0.01035,0.8972,1,0.48832,9.0797e-05,9.0797e-05,9.0797e-05
92,206.149,0.00919,0.8972,1,0.46811,8.25503e-05,8.25503e-05,8.25503e-05
93,207.619,0.01167,0.8972,1,0.46554,7.43036e-05,7.43036e-05,7.43036e-05
94,209.24,0.03575,0.8972,1,0.49149,6.60569e-05,6.60569e-05,6.60569e-05
95,213.78,0.0126,0.8972,1,0.39896,5.78102e-05,5.78102e-05,5.78102e-05
96,216.143,0.05326,0.88785,1,0.40398,4.95635e-05,4.95635e-05,4.95635e-05
97,217.797,0.04472,0.8972,1,0.40752,4.13168e-05,4.13168e-05,4.13168e-05
98,222.846,0.01104,0.88785,1,0.41637,3.30701e-05,3.30701e-05,3.30701e-05
99,228.571,0.01323,0.88785,1,0.41936,2.48234e-05,2.48234e-05,2.48234e-05
100,231.209,0.01613,0.8785,1,0.43295,1.65767e-05,1.65767e-05,1.65767e-05
