class,count,fov_med_mm,ppm_med,w_px_med,h_px_med,minside_px_med,minside_px_min,w_mm_med,h_mm_med,minside_mm_med,minside_mm_min,area_px2_med,area_mm2_med,area_ratio_med_pct
Solder Ball,43,16.0,80.0,78.4,77.7,72.1,22.8,0.869,0.789,0.768,0.0434,5605.0,0.6675,0.608
Component Crack,8,8.5,150.59,81.9,127.6,81.9,56.2,0.494,0.698,0.494,0.3732,10003.0,0.3173,1.085
Component No Solder,114,20.0,64.0,127.1,140.0,114.3,32.9,2.145,2.411,2.093,0.076,17066.0,5.4613,1.852
Solder Short,144,18.0,71.11,248.6,130.1,128.3,34.0,3.578,2.079,2.06,0.1176,32596.0,7.9688,3.537
Component Damage,9,7.5,170.67,240.4,160.4,160.4,78.1,1.432,0.753,0.689,0.4804,35159.0,0.9276,3.815
Component Liftup,22,20.0,51.2,534.0,169.8,169.8,99.9,9.911,3.013,3.013,1.7968,97532.0,36.841,10.583
Component Solder Dry,138,14.0,91.43,188.0,210.3,176.8,54.2,1.966,2.342,1.873,0.2991,42777.0,4.5591,4.642
Component Missing,44,20.0,64.0,393.4,232.3,219.5,98.3,5.278,3.675,3.63,1.0802,90969.0,29.3264,9.871
LED Damage,7,10.0,128.0,264.5,239.5,236.6,195.3,2.066,1.911,1.911,0.2557,63462.0,3.8734,6.886
Tombstone,15,11.0,116.36,430.5,303.6,296.5,228.1,3.807,2.681,2.655,1.6849,134376.0,9.7707,14.581
RYB Wrong Sequence,24,35.0,36.57,528.8,337.8,337.8,196.7,14.577,7.795,7.795,4.187,171270.0,121.7843,18.584
Polarity Wrong,36,25.0,51.2,508.9,503.2,450.4,250.9,11.96,9.633,9.215,3.1336,279923.0,149.5644,30.374
