class,p10_min_side_mm,median_min_side_mm,req_px_per_mm_for_3px,req_px_per_mm_for_5px,req_px_per_mm_for_10px,req_px_per_mm_for_15px,req_px_per_mm_for_20px
LED Damage,0.259,1.911,11.6,19.3,38.6,58.0,77.3
Component Crack,0.429,0.494,7.0,11.7,23.3,35.0,46.6
Solder Ball,0.449,0.768,6.7,11.1,22.3,33.4,44.6
Component No Solder,0.491,2.093,6.1,10.2,20.4,30.6,40.8
Component Damage,0.549,0.689,5.5,9.1,18.2,27.3,36.4
Solder Short,0.613,2.06,4.9,8.2,16.3,24.5,32.7
Component Solder Dry,1.358,1.873,2.2,3.7,7.4,11.0,14.7
Component Missing,1.71,3.63,1.8,2.9,5.8,8.8,11.7
Tombstone,1.96,2.655,1.5,2.6,5.1,7.7,10.2
Component Liftup,2.294,3.013,1.3,2.2,4.4,6.5,8.7
RYB Wrong Sequence,4.223,7.795,0.7,1.2,2.4,3.6,4.7
Polarity Wrong,5.056,9.215,0.6,1.0,2.0,3.0,4.0
