cls,n,minside_px_med,minside_px_at640,minside_mm_med,area_pct_med,ppm_spread,ap50,map5095
Solder Ball,43,72.1,36.0,0.768,0.61,3.3,0.783,0.422
Component Crack,8,81.9,41.0,0.494,1.09,2.1,,
Component No Solder,114,114.3,57.1,2.093,1.85,2.7,0.472,0.365
Solder Short,144,128.3,64.1,2.06,3.54,3.0,0.719,0.452
Component Damage,9,160.4,80.2,0.689,3.81,1.8,,
Component Liftup,22,169.8,84.9,3.013,10.58,1.8,0.895,0.733
Component Solder Dry,138,176.8,88.4,1.873,4.64,2.9,0.839,0.612
Component Missing,44,219.5,109.8,3.63,9.87,2.5,0.984,0.71
LED Damage,7,236.6,118.3,1.911,6.89,10.0,,
Tombstone,15,296.5,148.2,2.655,14.58,1.5,,
RYB Wrong Sequence,24,337.8,168.9,7.795,18.58,2.5,0.995,0.661
Polarity Wrong,36,450.4,225.2,9.215,30.37,1.8,0.627,0.581
