epoch,time,train/giou_loss,train/cls_loss,train/l1_loss,metrics/precision(B),metrics/recall(B),metrics/mAP50(B),metrics/mAP50-95(B),val/giou_loss,val/cls_loss,val/l1_loss,lr/pg0,lr/pg1,lr/pg2
1,82.0973,1.12592,68.9038,0.8428,0.00029,0.16157,0.00078,0.00033,0.30746,6.91072,0.25718,0.000275697,0.000275697,0.000275697
2,127.228,0.82058,1.59564,0.60135,0.31871,0.12542,0.05991,0.0328,0.24464,2.47532,0.19047,0.000549712,0.000549712,0.000549712
3,170.535,0.73286,1.35032,0.5223,0.32797,0.02083,0.02886,0.01326,0.30135,2.74298,0.23255,0.000820061,0.000820061,0.000820061
4,213.623,0.70084,1.43666,0.50034,0.57797,0.10438,0.09044,0.05369,0.24216,2.73068,0.1769,0.000816507,0.000816507,0.000816507
5,256.593,0.70336,1.30998,0.47538,0.68147,0.10635,0.08829,0.05286,nan,nan,nan,0.000811009,0.000811009,0.000811009
6,300.131,0.63213,1.43661,0.43741,0.72605,0.13636,0.10849,0.05992,0.22237,5.68515,0.17459,0.000805511,0.000805511,0.000805511
7,343.367,0.62542,1.45942,0.40194,0.28422,0.14352,0.06038,0.02223,0.27005,8.13169,0.2187,0.000800013,0.000800013,0.000800013
8,387.329,0.65113,1.43412,0.44452,0.51307,0.15423,0.11036,0.06733,0.22865,2.84417,0.16095,0.000794515,0.000794515,0.000794515
9,430.4,0.62633,1.39855,0.4249,0.84703,0.06528,0.10908,0.04788,0.25621,nan,0.17657,0.000789018,0.000789018,0.000789018
10,473.454,0.59841,1.4438,0.39483,0.61705,0.19799,0.17904,0.10587,0.24409,2.58229,0.19019,0.00078352,0.00078352,0.00078352
11,516.7,0.61978,1.31343,0.38591,0.2986,0.16176,0.12081,0.05178,0.25752,nan,0.19583,0.000778022,0.000778022,0.000778022
12,559.874,0.57398,1.41188,0.39333,0.65154,0.19809,0.2197,0.1119,0.20772,4.65432,0.1377,0.000772524,0.000772524,0.000772524
13,603.095,0.57326,1.4044,0.38995,0.52154,0.1455,0.17667,0.10277,0.20764,3.28215,0.15101,0.000767026,0.000767026,0.000767026
14,646.308,0.55745,1.36806,0.36455,0.68573,0.25159,0.27258,0.13062,nan,nan,nan,0.000761529,0.000761529,0.000761529
15,689.624,0.57266,1.23511,0.36538,0.75057,0.18436,0.23372,0.14302,0.21772,3.17154,0.14675,0.000756031,0.000756031,0.000756031
16,732.736,0.56825,1.27796,0.38699,0.54804,0.23611,0.25321,0.14441,0.20747,1.55132,0.15671,0.000750533,0.000750533,0.000750533
17,776.099,0.55476,1.20412,0.35695,0.67002,0.24213,0.32024,0.17596,0.20296,1.4983,0.15782,0.000745035,0.000745035,0.000745035
18,819.432,0.54555,1.22254,0.36137,0.49908,0.26409,0.2012,0.114,0.22313,2.53905,0.16075,0.000739537,0.000739537,0.000739537
19,862.773,0.58434,1.27964,0.37664,0.52083,0.22889,0.25911,0.16392,0.22707,4.97187,0.16421,0.00073404,0.00073404,0.00073404
20,906.124,0.50142,1.20099,0.32387,0.59618,0.23009,0.26358,0.15554,0.20776,2.1392,0.14684,0.000728542,0.000728542,0.000728542
21,950.943,0.51938,1.10917,0.31702,0.71656,0.28082,0.36327,0.18016,0.23237,5.30352,0.15838,0.000723044,0.000723044,0.000723044
22,996.453,0.5289,1.17184,0.35169,0.57023,0.28338,0.29872,0.18602,0.18886,2.65774,0.14112,0.000717546,0.000717546,0.000717546
23,1041.83,0.53921,1.14358,0.34241,0.5599,0.37624,0.35577,0.19503,0.2194,2.62965,0.16035,0.000712048,0.000712048,0.000712048
24,1087.45,0.54677,1.11211,0.35613,0.58236,0.26342,0.26659,0.17264,0.19459,2.60413,0.13981,0.000706551,0.000706551,0.000706551
25,1132.19,0.54485,1.10233,0.33354,0.56361,0.28846,0.27487,0.15571,nan,nan,nan,0.000701053,0.000701053,0.000701053
26,1176.76,0.53003,1.11575,0.32042,0.79201,0.24707,0.36071,0.19295,0.21106,nan,0.15073,0.000695555,0.000695555,0.000695555
27,1222.17,0.52509,1.08374,0.35341,0.59708,0.2664,0.31817,0.17155,0.24447,nan,0.18538,0.000690057,0.000690057,0.000690057
28,1266.85,0.51279,1.09394,0.333,0.40177,0.46439,0.41832,0.21715,0.23016,3.02543,0.17136,0.000684559,0.000684559,0.000684559
29,1313.21,0.53823,1.00198,0.35594,0.63809,0.32813,0.37445,0.2454,0.18392,2.53284,0.13432,0.000679062,0.000679062,0.000679062
30,1359.38,0.51345,1.08056,0.31706,0.62175,0.31564,0.36267,0.23033,0.18229,4.09238,0.11937,0.000673564,0.000673564,0.000673564
31,1403.91,0.49562,1.06341,0.31526,0.49358,0.392,0.38858,0.18561,0.26925,1.81913,0.18956,0.000668066,0.000668066,0.000668066
32,1450.21,0.52508,1.03603,0.33221,0.40069,0.63168,0.48877,0.30193,0.19294,2.10078,0.13185,0.000662568,0.000662568,0.000662568
33,1496.52,0.5016,1.04288,0.32868,0.65549,0.36825,0.41059,0.24077,0.19062,3.89324,0.13972,0.00065707,0.00065707,0.00065707
34,1541.41,0.50587,1.02104,0.33882,0.50283,0.39039,0.40347,0.25497,0.19056,2.72,0.13727,0.000651573,0.000651573,0.000651573
35,1587.41,0.49079,1.03394,0.33332,0.42329,0.36876,0.41565,0.24463,nan,nan,nan,0.000646075,0.000646075,0.000646075
36,1632.5,0.50292,1.15117,0.33642,0.71117,0.33102,0.43783,0.2593,0.19257,1.2012,0.13708,0.000640577,0.000640577,0.000640577
37,1676.32,0.48927,0.9914,0.30947,0.5704,0.43744,0.43611,0.28114,nan,nan,nan,0.000635079,0.000635079,0.000635079
38,1720.17,0.48017,1.04625,0.29662,0.25626,0.45896,0.35927,0.20498,nan,nan,nan,0.000629581,0.000629581,0.000629581
39,1763.77,0.49527,0.98497,0.30198,0.46823,0.48002,0.46355,0.22848,nan,nan,nan,0.000624084,0.000624084,0.000624084
40,1807.37,0.49605,0.93982,0.31208,0.44551,0.59513,0.54245,0.29214,0.20012,nan,0.14581,0.000618586,0.000618586,0.000618586
41,1851.25,0.48891,0.96409,0.30578,0.49198,0.5411,0.51871,0.29271,nan,nan,nan,0.000613088,0.000613088,0.000613088
42,1895.13,0.49423,0.98309,0.30644,0.55385,0.45077,0.49962,0.28346,0.20059,nan,0.14361,0.00060759,0.00060759,0.00060759
43,1938.73,0.48777,0.99144,0.30233,0.34273,0.64262,0.48682,0.25802,nan,nan,nan,0.000602092,0.000602092,0.000602092
44,1983.55,0.46029,1.00582,0.29686,0.80653,0.356,0.51294,0.33749,0.20326,3.78816,0.15394,0.000596595,0.000596595,0.000596595
45,2027.42,0.4522,0.97294,0.29194,0.62525,0.48842,0.54126,0.33042,0.19541,1.75115,0.13586,0.000591097,0.000591097,0.000591097
46,2071.55,0.48409,0.97067,0.31374,0.48753,0.46579,0.51118,0.2917,0.1913,2.33897,0.1498,0.000585599,0.000585599,0.000585599
47,2116.56,0.48702,1.01518,0.32936,0.60697,0.56416,0.58001,0.30736,0.20192,2.21495,0.15074,0.000580101,0.000580101,0.000580101
48,2160.96,0.46304,0.95321,0.28465,0.52574,0.59452,0.57891,0.35615,0.19606,3.35848,0.15007,0.000574603,0.000574603,0.000574603
49,2205.29,0.47834,0.91066,0.30853,0.63917,0.49525,0.56223,0.29603,0.20251,2.56065,0.15601,0.000569106,0.000569106,0.000569106
50,2249.33,0.46356,0.96311,0.29809,0.55369,0.61498,0.61124,0.33485,0.19987,2.01381,0.14717,0.000563608,0.000563608,0.000563608
51,2293.34,0.46087,0.92409,0.29877,0.60841,0.6721,0.60696,0.36937,0.19399,2.36548,0.13708,0.00055811,0.00055811,0.00055811
52,2338.81,0.46272,0.88134,0.29497,0.67122,0.49154,0.64986,0.38817,0.19831,2.34286,0.14375,0.000552612,0.000552612,0.000552612
53,2383.47,0.48495,0.9335,0.29427,0.65133,0.52492,0.59189,0.34884,0.1947,2.99589,0.14584,0.000547114,0.000547114,0.000547114
54,2427.93,0.50137,0.94018,0.30203,0.53338,0.7005,0.65898,0.31579,nan,nan,nan,0.000541617,0.000541617,0.000541617
55,2472.13,0.44649,0.91299,0.28212,0.62387,0.49537,0.56989,0.33076,nan,nan,nan,0.000536119,0.000536119,0.000536119
56,2516.92,0.44706,0.90516,0.30207,0.558,0.58616,0.64525,0.37998,0.18896,1.75545,0.13425,0.000530621,0.000530621,0.000530621
57,2561.35,0.46758,0.86222,0.29614,0.55671,0.38795,0.47413,0.28688,nan,nan,nan,0.000525123,0.000525123,0.000525123
58,2606.1,0.44728,0.91437,0.29703,0.54374,0.62056,0.61753,0.34946,0.20041,1.18187,0.14985,0.000519625,0.000519625,0.000519625
59,2650.14,0.44499,0.86743,0.28786,0.47505,0.55442,0.5446,0.3252,0.19673,3.47828,0.14274,0.000514128,0.000514128,0.000514128
60,2694.03,0.46546,0.8665,0.29034,0.5774,0.51849,0.58857,0.30711,0.2004,2.25005,0.14818,0.00050863,0.00050863,0.00050863
61,2738.3,0.44926,0.85239,0.28458,0.56093,0.66329,0.63496,0.40546,0.17281,2.79607,0.1229,0.000503132,0.000503132,0.000503132
62,2783.07,0.42049,0.83774,0.27478,0.57044,0.63225,0.57469,0.37777,0.17307,2.80254,0.12223,0.000497634,0.000497634,0.000497634
63,2828.12,0.47101,0.79786,0.2986,0.41474,0.64177,0.59274,0.33478,0.20384,3.42632,0.17191,0.000492136,0.000492136,0.000492136
64,2875.12,0.44965,0.86258,0.29814,0.52182,0.57332,0.55543,0.30702,0.20243,1.9007,0.15313,0.000486639,0.000486639,0.000486639
65,2919.7,0.43384,0.83603,0.26633,0.71669,0.55815,0.57991,0.33417,0.20573,2.84847,0.15143,0.000481141,0.000481141,0.000481141
66,2964.15,0.42559,0.85423,0.26678,0.44084,0.64823,0.61336,0.37493,0.19241,2.46624,0.13352,0.000475643,0.000475643,0.000475643
67,3008.19,0.43732,0.83222,0.26364,0.5158,0.65396,0.63512,0.37053,0.17253,3.07437,0.12345,0.000470145,0.000470145,0.000470145
68,3052.79,0.44119,0.80676,0.28078,0.77025,0.60041,0.66236,0.41098,0.16271,1.47501,0.1107,0.000464647,0.000464647,0.000464647
69,3097.27,0.42639,0.82634,0.27341,0.67684,0.49489,0.5328,0.339,nan,nan,nan,0.00045915,0.00045915,0.00045915
70,3141.8,0.42641,0.81079,0.27568,0.68206,0.60798,0.68944,0.36402,nan,nan,nan,0.000453652,0.000453652,0.000453652
71,3185.28,0.43288,0.83004,0.27452,0.59083,0.57811,0.65032,0.42027,nan,nan,nan,0.000448154,0.000448154,0.000448154
72,3231.36,0.44509,0.81484,0.28046,0.5434,0.58255,0.63348,0.43996,nan,nan,nan,0.000442656,0.000442656,0.000442656
73,3276.85,0.4196,0.7696,0.25613,0.5308,0.61928,0.64723,0.38501,0.18304,3.44665,0.14186,0.000437158,0.000437158,0.000437158
74,3321.62,0.42536,0.78813,0.26148,0.51839,0.61804,0.62558,0.36753,0.18514,2.2079,0.1437,0.000431661,0.000431661,0.000431661
75,3367.7,0.4423,0.78524,0.27513,0.53396,0.63265,0.61096,0.37567,0.18827,1.42703,0.1408,0.000426163,0.000426163,0.000426163
76,3411.83,0.42845,0.77386,0.27573,0.78243,0.51373,0.62211,0.37672,0.18674,2.09194,0.13959,0.000420665,0.000420665,0.000420665
77,3455.69,0.4212,0.76026,0.26664,0.65099,0.57154,0.61212,0.37759,0.1635,1.64795,0.11481,0.000415167,0.000415167,0.000415167
78,3500.42,0.42198,0.70992,0.27205,0.69098,0.62505,0.60698,0.37182,0.18434,1.93553,0.14578,0.000409669,0.000409669,0.000409669
79,3545.87,0.41161,0.7435,0.25296,0.53573,0.48961,0.5307,0.33702,nan,nan,nan,0.000404172,0.000404172,0.000404172
80,3590.1,0.43914,0.79821,0.27012,0.59527,0.67647,0.68091,0.44142,0.17837,2.16486,0.13638,0.000398674,0.000398674,0.000398674
81,3634.56,0.4225,0.7177,0.26684,0.56411,0.72024,0.65128,0.4136,0.17818,3.90563,0.1289,0.000393176,0.000393176,0.000393176
82,3679.83,0.41498,0.76387,0.27155,0.47041,0.64567,0.59391,0.38326,0.19991,3.50194,0.14531,0.000387678,0.000387678,0.000387678
83,3724.82,0.40626,0.75453,0.26206,0.54582,0.67997,0.61277,0.40889,0.168,4.2061,0.12538,0.00038218,0.00038218,0.00038218
84,3769.5,0.4202,0.73622,0.25598,0.67589,0.57624,0.65842,0.42997,0.17521,1.46783,0.12794,0.000376683,0.000376683,0.000376683
85,3814.3,0.4095,0.73068,0.25626,0.62055,0.65928,0.64891,0.43362,0.17559,2.38973,0.13162,0.000371185,0.000371185,0.000371185
86,3858.07,0.37866,0.72875,0.22971,0.65031,0.63758,0.65558,0.44601,0.18317,3.25495,0.13926,0.000365687,0.000365687,0.000365687
87,3904.1,0.39949,0.72595,0.26014,0.65218,0.66672,0.6702,0.45094,0.17632,nan,0.1289,0.000360189,0.000360189,0.000360189
88,3951.01,0.38734,0.75548,0.24233,0.58003,0.68755,0.59991,0.39134,nan,nan,nan,0.000354691,0.000354691,0.000354691
89,3996.33,0.40605,0.73023,0.25024,0.64672,0.57284,0.57025,0.3863,nan,nan,nan,0.000349194,0.000349194,0.000349194
90,4040.54,0.40728,0.72748,0.26179,0.62788,0.66827,0.62233,0.42639,0.17503,1.70228,0.12312,0.000343696,0.000343696,0.000343696
91,4084.45,0.38279,0.69262,0.22816,0.59535,0.68384,0.63556,0.40436,nan,nan,nan,0.000338198,0.000338198,0.000338198
92,4129.58,0.40613,0.67646,0.25745,0.64394,0.66117,0.69202,0.44326,nan,nan,nan,0.0003327,0.0003327,0.0003327
93,4173.12,0.40056,0.67717,0.23581,0.66022,0.69463,0.69721,0.46331,0.17165,1.93488,0.11634,0.000327202,0.000327202,0.000327202
94,4217.49,0.38953,0.69409,0.25037,0.69608,0.64609,0.69636,0.45282,0.1718,1.61984,0.1279,0.000321705,0.000321705,0.000321705
95,4261.22,0.4096,0.66743,0.25237,0.73559,0.64889,0.72487,0.4738,0.18365,1.92911,0.13019,0.000316207,0.000316207,0.000316207
96,4305.44,0.42154,0.69238,0.25232,0.74133,0.66923,0.70942,0.49903,0.15921,2.35832,0.11243,0.000310709,0.000310709,0.000310709
97,4350.55,0.39925,0.68971,0.25367,0.67332,0.64715,0.65219,0.42537,0.18468,2.40125,0.13478,0.000305211,0.000305211,0.000305211
98,4395.08,0.37926,0.69394,0.24505,0.68048,0.681,0.69331,0.42663,0.18064,2.17875,0.13157,0.000299713,0.000299713,0.000299713
99,4439.65,0.38771,0.68204,0.23192,0.72867,0.62685,0.68451,0.43119,0.18727,2.96521,0.13986,0.000294216,0.000294216,0.000294216
100,4483.65,0.39601,0.67928,0.25205,0.76815,0.63512,0.67825,0.44148,0.17831,1.71738,0.13495,0.000288718,0.000288718,0.000288718
101,4528.17,0.37325,0.69527,0.24582,0.71191,0.64682,0.67325,0.43325,0.17941,1.73633,0.13252,0.00028322,0.00028322,0.00028322
102,4572.29,0.3864,0.68964,0.24523,0.70277,0.64641,0.65027,0.43224,0.17841,1.41945,0.11792,0.000277722,0.000277722,0.000277722
103,4616.32,0.40195,0.65482,0.25736,0.78613,0.63249,0.67977,0.4364,0.18551,1.06184,0.13665,0.000272224,0.000272224,0.000272224
104,4660.87,0.37978,0.66241,0.22489,0.69993,0.73537,0.6763,0.439,0.18238,1.74447,0.13335,0.000266727,0.000266727,0.000266727
105,4705.36,0.37471,0.63282,0.2313,0.72632,0.70973,0.68737,0.44438,0.17871,2.05514,0.1322,0.000261229,0.000261229,0.000261229
106,4750.63,0.38508,0.64834,0.23754,0.76234,0.65772,0.72172,0.46357,0.18877,2.11942,0.13799,0.000255731,0.000255731,0.000255731
107,4794.44,0.39463,0.61273,0.249,0.77465,0.60177,0.71053,0.46205,0.17626,2.00146,0.13406,0.000250233,0.000250233,0.000250233
108,4838.8,0.4,0.65238,0.25154,0.72799,0.68918,0.69506,0.43221,0.19127,2.58708,0.14293,0.000244735,0.000244735,0.000244735
109,4882.68,0.39701,0.62623,0.24554,0.78607,0.58291,0.66719,0.43801,0.18231,1.34227,0.14057,0.000239238,0.000239238,0.000239238
110,4926.69,0.3599,0.61479,0.25268,0.65894,0.64071,0.68205,0.42962,0.17635,2.28638,0.13778,0.00023374,0.00023374,0.00023374
111,4971.12,0.37798,0.63473,0.23254,0.74232,0.62009,0.69239,0.43485,0.17721,2.1025,0.14094,0.000228242,0.000228242,0.000228242
112,5016.53,0.36187,0.6164,0.22824,0.68203,0.65093,0.69964,0.42471,0.18636,1.51579,0.14627,0.000222744,0.000222744,0.000222744
113,5060.74,0.36935,0.63981,0.23417,0.75824,0.68411,0.70706,0.38727,0.18252,1.45296,0.14181,0.000217246,0.000217246,0.000217246
114,5105.16,0.35315,0.57744,0.22446,0.71132,0.68628,0.69007,0.43858,0.17707,1.87299,0.12761,0.000211749,0.000211749,0.000211749
115,5149.43,0.36449,0.60617,0.22709,0.70106,0.66099,0.70383,0.46972,0.18341,1.34583,0.13598,0.000206251,0.000206251,0.000206251
116,5194.05,0.37564,0.62771,0.23168,0.66506,0.66751,0.68843,0.45459,0.17633,1.21211,0.12847,0.000200753,0.000200753,0.000200753
117,5238.62,0.36017,0.55416,0.21545,0.68104,0.72016,0.69518,0.46574,0.18484,1.47566,0.13748,0.000195255,0.000195255,0.000195255
118,5284.54,0.36976,0.58638,0.23065,0.74032,0.66968,0.66586,0.44196,0.18212,1.36227,0.13339,0.000189757,0.000189757,0.000189757
119,5329.14,0.35609,0.56975,0.22257,0.75404,0.6281,0.68654,0.45772,0.17894,1.53269,0.13295,0.00018426,0.00018426,0.00018426
120,5373.82,0.35323,0.54981,0.2117,0.69823,0.70253,0.71842,0.47233,0.17988,1.7974,0.13471,0.000178762,0.000178762,0.000178762
121,5418.04,0.37718,0.58536,0.22157,0.74271,0.6691,0.68975,0.44909,0.18342,2.03973,0.14022,0.000173264,0.000173264,0.000173264
122,5461.97,0.35824,0.58752,0.21742,0.75917,0.65385,0.69711,0.4604,0.17683,1.1688,0.13923,0.000167766,0.000167766,0.000167766
123,5506.78,0.35688,0.60389,0.23314,0.68686,0.70218,0.70121,0.45511,0.18246,1.3403,0.14533,0.000162268,0.000162268,0.000162268
124,5551.36,0.34653,0.56371,0.22281,0.69112,0.70562,0.7183,0.46461,0.18258,1.86855,0.13884,0.000156771,0.000156771,0.000156771
125,5595.56,0.35699,0.59003,0.2208,0.74958,0.67347,0.70951,0.44459,0.18219,1.88608,0.13986,0.000151273,0.000151273,0.000151273
126,5640.46,0.37019,0.58197,0.23279,0.79865,0.70514,0.71836,0.44508,0.19549,1.44707,0.14184,0.000145775,0.000145775,0.000145775
