image,gt_idx,folder,ground_truth_class,predicted_class,confidence,IoU,error_category,target_layer,target_prediction,cam_focus,energy_in_gt,gt_area_frac,energy_in_pred,pred_area_frac,peak_in_gt,peak_in_pred,spread,gt_size_px,border_energy_raw,sanity_grad_abs_mean,sanity_finite,sanity_corr_vs_other_target,other_target,peak_in_gt_layer21,peak_in_gt_layer24,peak_in_gt_layer27
categories__Component Liftup__Component Liftup.jpg,0,correct,Component Liftup,Component Liftup,0.942,0.963,correct,24,"query 0, class Component Liftup, logit 2.790",peak on defect but spread (8% of frame > half-max),0.4219,0.3533,0.4257,0.3639,True,True,0.0761,630.4x515.2,0.1465,3.0008590329089202e-05,True,0.67,q1 Component Liftup,False,True,False
categories__Component Liftup__Connecter Liftup (3).jpg,0,correct,Component Liftup,Component Liftup,0.905,0.815,correct,24,"query 0, class Component Liftup, logit 2.257","on defect (peak in GT, 26% energy in 9% of frame)",0.2632,0.0852,0.3229,0.1044,True,True,0.0122,534.0x146.8,0.1117,3.225251930416562e-05,True,0.049,q1 RYB Wrong Sequence,False,True,True
categories__Component No Solder__Q2 component lead no solder.jpg,0,localization_error,Component No Solder,Component No Solder,0.358,0.373,localization_error,24,"query 2, class Component No Solder, logit -0.585","near defect, peak outside GT (11% energy in GT)",0.1108,0.0317,0.0731,0.0162,False,False,0.0115,145.7x200.0,0.3251,6.861786096123978e-05,True,0.643,q3 Solder Short,True,False,True
categories__Solder Short__R17 Q2 SOLDER SHORT.jpg,0,localization_error,Solder Short,Solder Short,0.84,0.254,localization_error,24,"query 1, class Solder Short, logit 1.659","off defect: background (6% energy in GT, 4% of frame)",0.0564,0.044,0.2509,0.1728,False,False,0.009,305.0x132.6,0.285,5.639031223836355e-05,True,0.048,q2 Solder Short,False,False,True
categories__Component No Solder__J1 Connector No solder.jpg,0,classification_error,Component No Solder,Component Solder Dry,0.928,0.788,classification_error,24,"query 0, class Component Solder Dry, logit 2.556","on defect (peak in GT, 10% energy in 2% of frame)",0.0977,0.0217,0.1447,0.0278,True,True,0.0133,141.1x142.5,0.1264,6.891848443046911e-06,True,-0.121,q1 Component Solder Dry,False,True,False
categories__Polarity Wrong__D2 LED polarity wrong.jpg,0,classification_error,Polarity Wrong,Component Solder Dry,0.903,0.857,classification_error,24,"query 0, class Component Solder Dry, logit 2.236","near defect, peak outside GT (23% energy in GT)",0.2295,0.1038,0.2934,0.1206,False,False,0.0171,250.9x380.6,0.501,2.4155559003702365e-05,True,0.195,q1 Solder Short,False,False,False
categories__Component No Solder__BLACK  wire no solder.jpg,0,missed_detection,Component No Solder,(none),,0.095,missed_detection,24,"query 19, class Component No Solder, logit -5.187 (nearest query, GT class; no detection)","off defect: background (1% energy in GT, 2% of frame)",0.013,0.0222,0.0819,0.1436,False,False,0.0337,152.5x134.0,0.2071,7.714578532613814e-05,True,0.197,q20 Component No Solder,False,False,False
categories__Component No Solder__J10 no solder (1).jpg,0,missed_detection,Component No Solder,(none),,0.211,missed_detection,24,"query 9, class Component No Solder, logit -4.557 (nearest query, GT class; no detection)","on predicted box, off GT (5% energy in GT)",0.0481,0.0117,0.1179,0.0435,False,True,0.0083,111.2x96.9,0.224,6.204084638739005e-05,True,0.56,q0 Component Missing,False,False,False
categories__Solder Ball__C12 solder boll short.jpg,0,small_objects,Solder Ball,Solder Ball,0.343,0.83,correct,24,"query 0, class Solder Ball, logit -0.649","off defect: background (4% energy in GT, 3% of frame)",0.0387,0.0326,0.0359,0.0272,False,False,0.0602,177.1x170.0,0.1966,0.00010823950287885964,True,-0.264,q4 Solder Short,True,False,False
categories__Solder Short__C1 Q1 SOLDER SHORT.jpg,0,small_objects,Solder Ball,(none),,0.705,missed_detection,24,"query 16, class Solder Ball, logit -3.936 (nearest query, GT class; no detection)","off defect: background (0% energy in GT, 0% of frame)",0.0019,0.0028,0.0017,0.0032,False,False,0.0039,49.9x52.7,0.067,3.5920085792895406e-05,True,0.514,q0 Solder Short,False,False,False
categories__Component Liftup__Liftup (3).jpg,0,correct,Component Liftup,Component Liftup,0.94,0.95,correct,24,"query 0, class Component Liftup, logit 2.750",peak on defect but spread (3% of frame > half-max),0.5675,0.3655,0.5493,0.37,True,True,0.03,644.3x523.1,0.0111,2.6202986191492528e-05,True,0.439,q1 Solder Ball,False,True,False
